-- phpMyAdmin SQL Dump
-- version 5.2.1
-- https://www.phpmyadmin.net/
--
-- Host: 127.0.0.1
-- Generation Time: Dec 03, 2024 at 01:00 PM
-- Server version: 10.4.32-MariaDB
-- PHP Version: 8.1.25

SET SQL_MODE = "NO_AUTO_VALUE_ON_ZERO";
START TRANSACTION;
SET time_zone = "+00:00";


/*!40101 SET @OLD_CHARACTER_SET_CLIENT=@@CHARACTER_SET_CLIENT */;
/*!40101 SET @OLD_CHARACTER_SET_RESULTS=@@CHARACTER_SET_RESULTS */;
/*!40101 SET @OLD_COLLATION_CONNECTION=@@COLLATION_CONNECTION */;
/*!40101 SET NAMES utf8mb4 */;

--
-- Database: `mercados`
--

-- --------------------------------------------------------

--
-- Table structure for table `power_plants`
--

CREATE TABLE `power_plants` (
  `id` int(11) NOT NULL,
  `name` varchar(255) NOT NULL,
  `category` varchar(255) NOT NULL,
  `technology` varchar(255) NOT NULL,
  `capacity` double NOT NULL,
  `user_id` int(11) NOT NULL COMMENT 'created by',
  `status` enum('active','inactive') NOT NULL DEFAULT 'active',
  `deleted` enum('0','1') NOT NULL DEFAULT '0',
  `created_at` timestamp NOT NULL DEFAULT current_timestamp(),
  `updated_at` timestamp NOT NULL DEFAULT current_timestamp()
) ENGINE=InnoDB DEFAULT CHARSET=utf8mb4 COLLATE=utf8mb4_general_ci;

--
-- Dumping data for table `power_plants`
--

INSERT INTO `power_plants` (`id`, `name`, `category`, `technology`, `capacity`, `user_id`, `status`, `deleted`, `created_at`, `updated_at`) VALUES
(1, 'Handloom', 'Thermal', 'IT', 1, 1, 'active', '1', '2024-12-03 00:07:34', '2024-12-03 01:57:03'),
(2, 'test', 'thermal', 'IT', 10, 1, 'active', '1', '2024-12-03 00:23:54', '2024-12-03 02:00:07'),
(3, 'djgdk', 'khlkh', 'khl', 15, 1, 'active', '1', '2024-12-03 00:52:08', '2024-12-03 02:01:41'),
(4, 'djgdk', 'khlkh', 'khl', 11, 1, 'active', '1', '2024-12-03 01:00:13', '2024-12-03 01:51:33'),
(5, 'djgdk', 'khlkh', 'khl', 17, 1, 'active', '1', '2024-12-03 01:00:54', '2024-12-03 01:51:36'),
(6, 'Solar Plant A', 'Solar', 'Photovoltaic', 50, 1, 'active', '0', '2024-12-03 01:51:20', '2024-12-03 01:51:20'),
(7, 'Thermal Plant B', 'Thermal', 'Coal-fired', 150, 1, 'active', '0', '2024-12-03 01:52:02', '2024-12-03 02:08:45'),
(8, 'chennai warehouse 1', 'Hydro', 'hydro', 55, 1, 'active', '0', '2024-12-03 04:19:50', '2024-12-03 04:19:50'),
(9, 'edit viji', 'Solar', '14', 15, 2, 'active', '1', '2024-12-03 05:49:01', '2024-12-03 06:03:08'),
(10, 'tet', 'Solar', 'Solar', 55, 2, 'inactive', '0', '2024-12-03 06:02:18', '2024-12-03 06:10:56');

-- --------------------------------------------------------

--
-- Table structure for table `schedules`
--

CREATE TABLE `schedules` (
  `id` int(11) NOT NULL,
  `plant_id` int(11) NOT NULL,
  `date` date NOT NULL,
  `block_number` int(11) NOT NULL,
  `scheduled_power` double NOT NULL,
  `user_id` int(11) NOT NULL,
  `created_at` timestamp NOT NULL DEFAULT current_timestamp(),
  `updated_at` timestamp NOT NULL DEFAULT current_timestamp()
) ENGINE=InnoDB DEFAULT CHARSET=utf8mb4 COLLATE=utf8mb4_general_ci;

--
-- Dumping data for table `schedules`
--

INSERT INTO `schedules` (`id`, `plant_id`, `date`, `block_number`, `scheduled_power`, `user_id`, `created_at`, `updated_at`) VALUES
(97, 6, '2024-12-03', 1, 5, 1, '2024-12-03 03:19:01', '2024-12-03 03:19:01'),
(98, 6, '2024-12-03', 2, 5, 1, '2024-12-03 03:19:01', '2024-12-03 03:19:01'),
(99, 6, '2024-12-03', 3, 5, 1, '2024-12-03 03:19:01', '2024-12-03 03:19:01'),
(100, 6, '2024-12-03', 4, 5, 1, '2024-12-03 03:19:01', '2024-12-03 03:19:01'),
(101, 6, '2024-12-03', 5, 5, 1, '2024-12-03 03:19:01', '2024-12-03 03:19:01'),
(102, 6, '2024-12-03', 6, 5, 1, '2024-12-03 03:19:01', '2024-12-03 03:19:01'),
(103, 6, '2024-12-03', 7, 5, 1, '2024-12-03 03:19:01', '2024-12-03 03:19:01'),
(104, 6, '2024-12-03', 8, 5, 1, '2024-12-03 03:19:01', '2024-12-03 03:19:01'),
(105, 6, '2024-12-03', 9, 3, 1, '2024-12-03 03:19:01', '2024-12-03 03:19:01'),
(106, 6, '2024-12-03', 10, 5, 1, '2024-12-03 03:19:01', '2024-12-03 03:19:01'),
(107, 6, '2024-12-03', 11, 5, 1, '2024-12-03 03:19:01', '2024-12-03 03:19:01'),
(108, 6, '2024-12-03', 12, 5, 1, '2024-12-03 03:19:01', '2024-12-03 03:19:01'),
(109, 6, '2024-12-03', 13, 5, 1, '2024-12-03 03:19:01', '2024-12-03 03:19:01'),
(110, 6, '2024-12-03', 14, 5, 1, '2024-12-03 03:19:01', '2024-12-03 03:19:01'),
(111, 6, '2024-12-03', 15, 5, 1, '2024-12-03 03:19:01', '2024-12-03 03:19:01'),
(112, 6, '2024-12-03', 16, 5, 1, '2024-12-03 03:19:01', '2024-12-03 03:19:01'),
(113, 6, '2024-12-03', 17, 5, 1, '2024-12-03 03:19:01', '2024-12-03 03:19:01'),
(114, 6, '2024-12-03', 18, 5, 1, '2024-12-03 03:19:01', '2024-12-03 03:19:01'),
(115, 6, '2024-12-03', 19, 5, 1, '2024-12-03 03:19:01', '2024-12-03 03:19:01'),
(116, 6, '2024-12-03', 20, 5, 1, '2024-12-03 03:19:01', '2024-12-03 03:19:01'),
(117, 6, '2024-12-03', 21, 5, 1, '2024-12-03 03:19:01', '2024-12-03 03:19:01'),
(118, 6, '2024-12-03', 22, 5, 1, '2024-12-03 03:19:01', '2024-12-03 03:19:01'),
(119, 6, '2024-12-03', 23, 3, 1, '2024-12-03 03:19:01', '2024-12-03 03:19:01'),
(120, 6, '2024-12-03', 24, 5, 1, '2024-12-03 03:19:01', '2024-12-03 03:19:01'),
(121, 6, '2024-12-03', 25, 5, 1, '2024-12-03 03:19:01', '2024-12-03 03:19:01'),
(122, 6, '2024-12-03', 26, 5, 1, '2024-12-03 03:19:01', '2024-12-03 03:19:01'),
(123, 6, '2024-12-03', 27, 5, 1, '2024-12-03 03:19:01', '2024-12-03 03:19:01'),
(124, 6, '2024-12-03', 28, 5, 1, '2024-12-03 03:19:01', '2024-12-03 03:19:01'),
(125, 6, '2024-12-03', 29, 5, 1, '2024-12-03 03:19:01', '2024-12-03 03:19:01'),
(126, 6, '2024-12-03', 30, 5, 1, '2024-12-03 03:19:01', '2024-12-03 03:19:01'),
(127, 6, '2024-12-03', 31, 5, 1, '2024-12-03 03:19:01', '2024-12-03 03:19:01'),
(128, 6, '2024-12-03', 32, 5, 1, '2024-12-03 03:19:01', '2024-12-03 03:19:01'),
(129, 6, '2024-12-03', 33, 5, 1, '2024-12-03 03:19:01', '2024-12-03 03:19:01'),
(130, 6, '2024-12-03', 34, 3, 1, '2024-12-03 03:19:01', '2024-12-03 03:19:01'),
(131, 6, '2024-12-03', 35, 5, 1, '2024-12-03 03:19:01', '2024-12-03 03:19:01'),
(132, 6, '2024-12-03', 36, 5, 1, '2024-12-03 03:19:01', '2024-12-03 03:19:01'),
(133, 6, '2024-12-03', 37, 5, 1, '2024-12-03 03:19:01', '2024-12-03 03:19:01'),
(134, 6, '2024-12-03', 38, 5, 1, '2024-12-03 03:19:01', '2024-12-03 03:19:01'),
(135, 6, '2024-12-03', 39, 5, 1, '2024-12-03 03:19:01', '2024-12-03 03:19:01'),
(136, 6, '2024-12-03', 40, 5, 1, '2024-12-03 03:19:01', '2024-12-03 03:19:01'),
(137, 6, '2024-12-03', 41, 5, 1, '2024-12-03 03:19:01', '2024-12-03 03:19:01'),
(138, 6, '2024-12-03', 42, 5, 1, '2024-12-03 03:19:01', '2024-12-03 03:19:01'),
(139, 6, '2024-12-03', 43, 5, 1, '2024-12-03 03:19:01', '2024-12-03 03:19:01'),
(140, 6, '2024-12-03', 44, 5, 1, '2024-12-03 03:19:01', '2024-12-03 03:19:01'),
(141, 6, '2024-12-03', 45, 5, 1, '2024-12-03 03:19:01', '2024-12-03 03:19:01'),
(142, 6, '2024-12-03', 46, 5, 1, '2024-12-03 03:19:01', '2024-12-03 03:19:01'),
(143, 6, '2024-12-03', 47, 5, 1, '2024-12-03 03:19:01', '2024-12-03 03:19:01'),
(144, 6, '2024-12-03', 48, 5, 1, '2024-12-03 03:19:01', '2024-12-03 03:19:01'),
(145, 6, '2024-12-03', 49, 3, 1, '2024-12-03 03:19:01', '2024-12-03 03:19:01'),
(146, 6, '2024-12-03', 50, 3, 1, '2024-12-03 03:19:01', '2024-12-03 03:19:01'),
(147, 6, '2024-12-03', 51, 3, 1, '2024-12-03 03:19:01', '2024-12-03 03:19:01'),
(148, 6, '2024-12-03', 52, 3, 1, '2024-12-03 03:19:01', '2024-12-03 03:19:01'),
(149, 6, '2024-12-03', 53, 33, 1, '2024-12-03 03:19:01', '2024-12-03 03:19:01'),
(150, 6, '2024-12-03', 54, 3, 1, '2024-12-03 03:19:01', '2024-12-03 03:19:01'),
(151, 6, '2024-12-03', 55, 3, 1, '2024-12-03 03:19:01', '2024-12-03 03:19:01'),
(152, 6, '2024-12-03', 56, 3, 1, '2024-12-03 03:19:01', '2024-12-03 03:19:01'),
(153, 6, '2024-12-03', 57, 3, 1, '2024-12-03 03:19:01', '2024-12-03 03:19:01'),
(154, 6, '2024-12-03', 58, 3, 1, '2024-12-03 03:19:01', '2024-12-03 03:19:01'),
(155, 6, '2024-12-03', 59, 3, 1, '2024-12-03 03:19:01', '2024-12-03 03:19:01'),
(156, 6, '2024-12-03', 60, 3, 1, '2024-12-03 03:19:01', '2024-12-03 03:19:01'),
(157, 6, '2024-12-03', 61, 3, 1, '2024-12-03 03:19:01', '2024-12-03 03:19:01'),
(158, 6, '2024-12-03', 62, 3, 1, '2024-12-03 03:19:01', '2024-12-03 03:19:01'),
(159, 6, '2024-12-03', 63, 3, 1, '2024-12-03 03:19:01', '2024-12-03 03:19:01'),
(160, 6, '2024-12-03', 64, 3, 1, '2024-12-03 03:19:01', '2024-12-03 03:19:01'),
(161, 6, '2024-12-03', 65, 3, 1, '2024-12-03 03:19:01', '2024-12-03 03:19:01'),
(162, 6, '2024-12-03', 66, 3, 1, '2024-12-03 03:19:02', '2024-12-03 03:19:02'),
(163, 6, '2024-12-03', 67, 3, 1, '2024-12-03 03:19:02', '2024-12-03 03:19:02'),
(164, 6, '2024-12-03', 68, 3, 1, '2024-12-03 03:19:02', '2024-12-03 03:19:02'),
(165, 6, '2024-12-03', 69, 3, 1, '2024-12-03 03:19:02', '2024-12-03 03:19:02'),
(166, 6, '2024-12-03', 70, 33, 1, '2024-12-03 03:19:02', '2024-12-03 03:19:02'),
(167, 6, '2024-12-03', 71, 3, 1, '2024-12-03 03:19:02', '2024-12-03 03:19:02'),
(168, 6, '2024-12-03', 72, 3, 1, '2024-12-03 03:19:02', '2024-12-03 03:19:02'),
(169, 6, '2024-12-03', 73, 3, 1, '2024-12-03 03:19:02', '2024-12-03 03:19:02'),
(170, 6, '2024-12-03', 74, 3, 1, '2024-12-03 03:19:02', '2024-12-03 03:19:02'),
(171, 6, '2024-12-03', 75, 3, 1, '2024-12-03 03:19:02', '2024-12-03 03:19:02'),
(172, 6, '2024-12-03', 76, 3, 1, '2024-12-03 03:19:02', '2024-12-03 03:19:02'),
(173, 6, '2024-12-03', 77, 3, 1, '2024-12-03 03:19:02', '2024-12-03 03:19:02'),
(174, 6, '2024-12-03', 78, 3, 1, '2024-12-03 03:19:02', '2024-12-03 03:19:02'),
(175, 6, '2024-12-03', 79, 3, 1, '2024-12-03 03:19:02', '2024-12-03 03:19:02'),
(176, 6, '2024-12-03', 80, 3, 1, '2024-12-03 03:19:02', '2024-12-03 03:19:02'),
(177, 6, '2024-12-03', 81, 3, 1, '2024-12-03 03:19:02', '2024-12-03 03:19:02'),
(178, 6, '2024-12-03', 82, 3, 1, '2024-12-03 03:19:02', '2024-12-03 03:19:02'),
(179, 6, '2024-12-03', 83, 3, 1, '2024-12-03 03:19:02', '2024-12-03 03:19:02'),
(180, 6, '2024-12-03', 84, 3, 1, '2024-12-03 03:19:02', '2024-12-03 03:19:02'),
(181, 6, '2024-12-03', 85, 3, 1, '2024-12-03 03:19:02', '2024-12-03 03:19:02'),
(182, 6, '2024-12-03', 86, 3, 1, '2024-12-03 03:19:02', '2024-12-03 03:19:02'),
(183, 6, '2024-12-03', 87, 3, 1, '2024-12-03 03:19:02', '2024-12-03 03:19:02'),
(184, 6, '2024-12-03', 88, 3, 1, '2024-12-03 03:19:02', '2024-12-03 03:19:02'),
(185, 6, '2024-12-03', 89, 3, 1, '2024-12-03 03:19:02', '2024-12-03 03:19:02'),
(186, 6, '2024-12-03', 90, 3, 1, '2024-12-03 03:19:02', '2024-12-03 03:19:02'),
(187, 6, '2024-12-03', 91, 3, 1, '2024-12-03 03:19:02', '2024-12-03 03:19:02'),
(188, 6, '2024-12-03', 92, 3, 1, '2024-12-03 03:19:02', '2024-12-03 03:19:02'),
(189, 6, '2024-12-03', 93, 3, 1, '2024-12-03 03:19:02', '2024-12-03 03:19:02'),
(190, 6, '2024-12-03', 94, 3, 1, '2024-12-03 03:19:02', '2024-12-03 03:19:02'),
(191, 6, '2024-12-03', 95, 3, 1, '2024-12-03 03:19:02', '2024-12-03 03:19:02'),
(192, 6, '2024-12-03', 96, 3, 1, '2024-12-03 03:19:02', '2024-12-03 03:19:02'),
(289, 7, '2024-12-03', 1, 10, 1, '2024-12-03 03:51:34', '2024-12-03 03:51:34'),
(290, 7, '2024-12-03', 2, 9, 1, '2024-12-03 03:51:34', '2024-12-03 03:51:34'),
(291, 7, '2024-12-03', 3, 9, 1, '2024-12-03 03:51:34', '2024-12-03 03:51:34'),
(292, 7, '2024-12-03', 4, 9, 1, '2024-12-03 03:51:34', '2024-12-03 03:51:34'),
(293, 7, '2024-12-03', 5, 9, 1, '2024-12-03 03:51:34', '2024-12-03 03:51:34'),
(294, 7, '2024-12-03', 6, 9, 1, '2024-12-03 03:51:34', '2024-12-03 03:51:34'),
(295, 7, '2024-12-03', 7, 9, 1, '2024-12-03 03:51:34', '2024-12-03 03:51:34'),
(296, 7, '2024-12-03', 8, 9, 1, '2024-12-03 03:51:34', '2024-12-03 03:51:34'),
(297, 7, '2024-12-03', 9, 9, 1, '2024-12-03 03:51:34', '2024-12-03 03:51:34'),
(298, 7, '2024-12-03', 10, 9, 1, '2024-12-03 03:51:34', '2024-12-03 03:51:34'),
(299, 7, '2024-12-03', 11, 9, 1, '2024-12-03 03:51:34', '2024-12-03 03:51:34'),
(300, 7, '2024-12-03', 12, 99, 1, '2024-12-03 03:51:34', '2024-12-03 03:51:34'),
(301, 7, '2024-12-03', 13, 9, 1, '2024-12-03 03:51:34', '2024-12-03 03:51:34'),
(302, 7, '2024-12-03', 14, 9, 1, '2024-12-03 03:51:34', '2024-12-03 03:51:34'),
(303, 7, '2024-12-03', 15, 9, 1, '2024-12-03 03:51:34', '2024-12-03 03:51:34'),
(304, 7, '2024-12-03', 16, 9, 1, '2024-12-03 03:51:34', '2024-12-03 03:51:34'),
(305, 7, '2024-12-03', 17, 9, 1, '2024-12-03 03:51:34', '2024-12-03 03:51:34'),
(306, 7, '2024-12-03', 18, 9, 1, '2024-12-03 03:51:34', '2024-12-03 03:51:34'),
(307, 7, '2024-12-03', 19, 99, 1, '2024-12-03 03:51:34', '2024-12-03 03:51:34'),
(308, 7, '2024-12-03', 20, 9, 1, '2024-12-03 03:51:34', '2024-12-03 03:51:34'),
(309, 7, '2024-12-03', 21, 9, 1, '2024-12-03 03:51:34', '2024-12-03 03:51:34'),
(310, 7, '2024-12-03', 22, 9, 1, '2024-12-03 03:51:34', '2024-12-03 03:51:34'),
(311, 7, '2024-12-03', 23, 9, 1, '2024-12-03 03:51:34', '2024-12-03 03:51:34'),
(312, 7, '2024-12-03', 24, 9, 1, '2024-12-03 03:51:34', '2024-12-03 03:51:34'),
(313, 7, '2024-12-03', 25, 99, 1, '2024-12-03 03:51:34', '2024-12-03 03:51:34'),
(314, 7, '2024-12-03', 26, 9, 1, '2024-12-03 03:51:34', '2024-12-03 03:51:34'),
(315, 7, '2024-12-03', 27, 9, 1, '2024-12-03 03:51:34', '2024-12-03 03:51:34'),
(316, 7, '2024-12-03', 28, 9, 1, '2024-12-03 03:51:34', '2024-12-03 03:51:34'),
(317, 7, '2024-12-03', 29, 9, 1, '2024-12-03 03:51:34', '2024-12-03 03:51:34'),
(318, 7, '2024-12-03', 30, 9, 1, '2024-12-03 03:51:34', '2024-12-03 03:51:34'),
(319, 7, '2024-12-03', 31, 9, 1, '2024-12-03 03:51:34', '2024-12-03 03:51:34'),
(320, 7, '2024-12-03', 32, 9, 1, '2024-12-03 03:51:34', '2024-12-03 03:51:34'),
(321, 7, '2024-12-03', 33, 9, 1, '2024-12-03 03:51:34', '2024-12-03 03:51:34'),
(322, 7, '2024-12-03', 34, 9, 1, '2024-12-03 03:51:34', '2024-12-03 03:51:34'),
(323, 7, '2024-12-03', 35, 9, 1, '2024-12-03 03:51:34', '2024-12-03 03:51:34'),
(324, 7, '2024-12-03', 36, 9, 1, '2024-12-03 03:51:34', '2024-12-03 03:51:34'),
(325, 7, '2024-12-03', 37, 9, 1, '2024-12-03 03:51:34', '2024-12-03 03:51:34'),
(326, 7, '2024-12-03', 38, 9, 1, '2024-12-03 03:51:34', '2024-12-03 03:51:34'),
(327, 7, '2024-12-03', 39, 9, 1, '2024-12-03 03:51:34', '2024-12-03 03:51:34'),
(328, 7, '2024-12-03', 40, 9, 1, '2024-12-03 03:51:34', '2024-12-03 03:51:34'),
(329, 7, '2024-12-03', 41, 99, 1, '2024-12-03 03:51:34', '2024-12-03 03:51:34'),
(330, 7, '2024-12-03', 42, 9, 1, '2024-12-03 03:51:34', '2024-12-03 03:51:34'),
(331, 7, '2024-12-03', 43, 9, 1, '2024-12-03 03:51:34', '2024-12-03 03:51:34'),
(332, 7, '2024-12-03', 44, 9, 1, '2024-12-03 03:51:34', '2024-12-03 03:51:34'),
(333, 7, '2024-12-03', 45, 9, 1, '2024-12-03 03:51:34', '2024-12-03 03:51:34'),
(334, 7, '2024-12-03', 46, 9, 1, '2024-12-03 03:51:34', '2024-12-03 03:51:34'),
(335, 7, '2024-12-03', 47, 9, 1, '2024-12-03 03:51:34', '2024-12-03 03:51:34'),
(336, 7, '2024-12-03', 48, 9, 1, '2024-12-03 03:51:34', '2024-12-03 03:51:34'),
(337, 7, '2024-12-03', 49, 99, 1, '2024-12-03 03:51:34', '2024-12-03 03:51:34'),
(338, 7, '2024-12-03', 50, 9, 1, '2024-12-03 03:51:34', '2024-12-03 03:51:34'),
(339, 7, '2024-12-03', 51, 9, 1, '2024-12-03 03:51:34', '2024-12-03 03:51:34'),
(340, 7, '2024-12-03', 52, 5, 1, '2024-12-03 03:51:34', '2024-12-03 03:51:34'),
(341, 7, '2024-12-03', 53, 9, 1, '2024-12-03 03:51:34', '2024-12-03 03:51:34'),
(342, 7, '2024-12-03', 54, 9, 1, '2024-12-03 03:51:34', '2024-12-03 03:51:34'),
(343, 7, '2024-12-03', 55, 9, 1, '2024-12-03 03:51:34', '2024-12-03 03:51:34'),
(344, 7, '2024-12-03', 56, 9, 1, '2024-12-03 03:51:34', '2024-12-03 03:51:34'),
(345, 7, '2024-12-03', 57, 9, 1, '2024-12-03 03:51:34', '2024-12-03 03:51:34'),
(346, 7, '2024-12-03', 58, 9, 1, '2024-12-03 03:51:34', '2024-12-03 03:51:34'),
(347, 7, '2024-12-03', 59, 9, 1, '2024-12-03 03:51:34', '2024-12-03 03:51:34'),
(348, 7, '2024-12-03', 60, 9, 1, '2024-12-03 03:51:34', '2024-12-03 03:51:34'),
(349, 7, '2024-12-03', 61, 9, 1, '2024-12-03 03:51:34', '2024-12-03 03:51:34'),
(350, 7, '2024-12-03', 62, 9, 1, '2024-12-03 03:51:34', '2024-12-03 03:51:34'),
(351, 7, '2024-12-03', 63, 99, 1, '2024-12-03 03:51:34', '2024-12-03 03:51:34'),
(352, 7, '2024-12-03', 64, 9, 1, '2024-12-03 03:51:34', '2024-12-03 03:51:34'),
(353, 7, '2024-12-03', 65, 9, 1, '2024-12-03 03:51:34', '2024-12-03 03:51:34'),
(354, 7, '2024-12-03', 66, 9, 1, '2024-12-03 03:51:34', '2024-12-03 03:51:34'),
(355, 7, '2024-12-03', 67, 9, 1, '2024-12-03 03:51:34', '2024-12-03 03:51:34'),
(356, 7, '2024-12-03', 68, 9, 1, '2024-12-03 03:51:34', '2024-12-03 03:51:34'),
(357, 7, '2024-12-03', 69, 9, 1, '2024-12-03 03:51:34', '2024-12-03 03:51:34'),
(358, 7, '2024-12-03', 70, 9, 1, '2024-12-03 03:51:34', '2024-12-03 03:51:34'),
(359, 7, '2024-12-03', 71, 9, 1, '2024-12-03 03:51:34', '2024-12-03 03:51:34'),
(360, 7, '2024-12-03', 72, 9, 1, '2024-12-03 03:51:34', '2024-12-03 03:51:34'),
(361, 7, '2024-12-03', 73, 9, 1, '2024-12-03 03:51:34', '2024-12-03 03:51:34'),
(362, 7, '2024-12-03', 74, 9, 1, '2024-12-03 03:51:34', '2024-12-03 03:51:34'),
(363, 7, '2024-12-03', 75, 9, 1, '2024-12-03 03:51:34', '2024-12-03 03:51:34'),
(364, 7, '2024-12-03', 76, 9, 1, '2024-12-03 03:51:35', '2024-12-03 03:51:35'),
(365, 7, '2024-12-03', 77, 9, 1, '2024-12-03 03:51:35', '2024-12-03 03:51:35'),
(366, 7, '2024-12-03', 78, 9, 1, '2024-12-03 03:51:35', '2024-12-03 03:51:35'),
(367, 7, '2024-12-03', 79, 9, 1, '2024-12-03 03:51:35', '2024-12-03 03:51:35'),
(368, 7, '2024-12-03', 80, 9, 1, '2024-12-03 03:51:35', '2024-12-03 03:51:35'),
(369, 7, '2024-12-03', 81, 9, 1, '2024-12-03 03:51:35', '2024-12-03 03:51:35'),
(370, 7, '2024-12-03', 82, 9, 1, '2024-12-03 03:51:35', '2024-12-03 03:51:35'),
(371, 7, '2024-12-03', 83, 9, 1, '2024-12-03 03:51:35', '2024-12-03 03:51:35'),
(372, 7, '2024-12-03', 84, 9, 1, '2024-12-03 03:51:35', '2024-12-03 03:51:35'),
(373, 7, '2024-12-03', 85, 9, 1, '2024-12-03 03:51:35', '2024-12-03 03:51:35'),
(374, 7, '2024-12-03', 86, 9, 1, '2024-12-03 03:51:35', '2024-12-03 03:51:35'),
(375, 7, '2024-12-03', 87, 9, 1, '2024-12-03 03:51:35', '2024-12-03 03:51:35'),
(376, 7, '2024-12-03', 88, 9, 1, '2024-12-03 03:51:35', '2024-12-03 03:51:35'),
(377, 7, '2024-12-03', 89, 9, 1, '2024-12-03 03:51:35', '2024-12-03 03:51:35'),
(378, 7, '2024-12-03', 90, 9, 1, '2024-12-03 03:51:35', '2024-12-03 03:51:35'),
(379, 7, '2024-12-03', 91, 9, 1, '2024-12-03 03:51:35', '2024-12-03 03:51:35'),
(380, 7, '2024-12-03', 92, 9, 1, '2024-12-03 03:51:35', '2024-12-03 03:51:35'),
(381, 7, '2024-12-03', 93, 9, 1, '2024-12-03 03:51:35', '2024-12-03 03:51:35'),
(382, 7, '2024-12-03', 94, 9, 1, '2024-12-03 03:51:35', '2024-12-03 03:51:35'),
(383, 7, '2024-12-03', 95, 9, 1, '2024-12-03 03:51:35', '2024-12-03 03:51:35'),
(384, 7, '2024-12-03', 96, 9, 1, '2024-12-03 03:51:35', '2024-12-03 03:51:35'),
(481, 9, '2024-12-03', 1, 1, 2, '2024-12-03 05:57:32', '2024-12-03 05:57:32'),
(482, 9, '2024-12-03', 2, 1, 2, '2024-12-03 05:57:32', '2024-12-03 05:57:32'),
(483, 9, '2024-12-03', 3, 2, 2, '2024-12-03 05:57:32', '2024-12-03 05:57:32'),
(484, 9, '2024-12-03', 4, 2, 2, '2024-12-03 05:57:32', '2024-12-03 05:57:32'),
(485, 9, '2024-12-03', 5, 2, 2, '2024-12-03 05:57:32', '2024-12-03 05:57:32'),
(486, 9, '2024-12-03', 6, 2, 2, '2024-12-03 05:57:32', '2024-12-03 05:57:32'),
(487, 9, '2024-12-03', 7, 2, 2, '2024-12-03 05:57:32', '2024-12-03 05:57:32'),
(488, 9, '2024-12-03', 8, 2, 2, '2024-12-03 05:57:32', '2024-12-03 05:57:32'),
(489, 9, '2024-12-03', 9, 2, 2, '2024-12-03 05:57:32', '2024-12-03 05:57:32'),
(490, 9, '2024-12-03', 10, 2, 2, '2024-12-03 05:57:32', '2024-12-03 05:57:32'),
(491, 9, '2024-12-03', 11, 2, 2, '2024-12-03 05:57:32', '2024-12-03 05:57:32'),
(492, 9, '2024-12-03', 12, 2, 2, '2024-12-03 05:57:32', '2024-12-03 05:57:32'),
(493, 9, '2024-12-03', 13, 2, 2, '2024-12-03 05:57:32', '2024-12-03 05:57:32'),
(494, 9, '2024-12-03', 14, 2, 2, '2024-12-03 05:57:32', '2024-12-03 05:57:32'),
(495, 9, '2024-12-03', 15, 2, 2, '2024-12-03 05:57:32', '2024-12-03 05:57:32'),
(496, 9, '2024-12-03', 16, 2, 2, '2024-12-03 05:57:32', '2024-12-03 05:57:32'),
(497, 9, '2024-12-03', 17, 2, 2, '2024-12-03 05:57:32', '2024-12-03 05:57:32'),
(498, 9, '2024-12-03', 18, 2, 2, '2024-12-03 05:57:32', '2024-12-03 05:57:32'),
(499, 9, '2024-12-03', 19, 2, 2, '2024-12-03 05:57:32', '2024-12-03 05:57:32'),
(500, 9, '2024-12-03', 20, 2, 2, '2024-12-03 05:57:32', '2024-12-03 05:57:32'),
(501, 9, '2024-12-03', 21, 2, 2, '2024-12-03 05:57:32', '2024-12-03 05:57:32'),
(502, 9, '2024-12-03', 22, 2, 2, '2024-12-03 05:57:32', '2024-12-03 05:57:32'),
(503, 9, '2024-12-03', 23, 2, 2, '2024-12-03 05:57:32', '2024-12-03 05:57:32'),
(504, 9, '2024-12-03', 24, 2, 2, '2024-12-03 05:57:32', '2024-12-03 05:57:32'),
(505, 9, '2024-12-03', 25, 2, 2, '2024-12-03 05:57:32', '2024-12-03 05:57:32'),
(506, 9, '2024-12-03', 26, 2, 2, '2024-12-03 05:57:32', '2024-12-03 05:57:32'),
(507, 9, '2024-12-03', 27, 2, 2, '2024-12-03 05:57:32', '2024-12-03 05:57:32'),
(508, 9, '2024-12-03', 28, 2, 2, '2024-12-03 05:57:32', '2024-12-03 05:57:32'),
(509, 9, '2024-12-03', 29, 2, 2, '2024-12-03 05:57:32', '2024-12-03 05:57:32'),
(510, 9, '2024-12-03', 30, 2, 2, '2024-12-03 05:57:32', '2024-12-03 05:57:32'),
(511, 9, '2024-12-03', 31, 2, 2, '2024-12-03 05:57:32', '2024-12-03 05:57:32'),
(512, 9, '2024-12-03', 32, 2, 2, '2024-12-03 05:57:32', '2024-12-03 05:57:32'),
(513, 9, '2024-12-03', 33, 2, 2, '2024-12-03 05:57:32', '2024-12-03 05:57:32'),
(514, 9, '2024-12-03', 34, 2, 2, '2024-12-03 05:57:32', '2024-12-03 05:57:32'),
(515, 9, '2024-12-03', 35, 2, 2, '2024-12-03 05:57:33', '2024-12-03 05:57:33'),
(516, 9, '2024-12-03', 36, 2, 2, '2024-12-03 05:57:33', '2024-12-03 05:57:33'),
(517, 9, '2024-12-03', 37, 2, 2, '2024-12-03 05:57:33', '2024-12-03 05:57:33'),
(518, 9, '2024-12-03', 38, 2, 2, '2024-12-03 05:57:33', '2024-12-03 05:57:33'),
(519, 9, '2024-12-03', 39, 2, 2, '2024-12-03 05:57:33', '2024-12-03 05:57:33'),
(520, 9, '2024-12-03', 40, 2, 2, '2024-12-03 05:57:33', '2024-12-03 05:57:33'),
(521, 9, '2024-12-03', 41, 2, 2, '2024-12-03 05:57:33', '2024-12-03 05:57:33'),
(522, 9, '2024-12-03', 42, 2, 2, '2024-12-03 05:57:33', '2024-12-03 05:57:33'),
(523, 9, '2024-12-03', 43, 2, 2, '2024-12-03 05:57:33', '2024-12-03 05:57:33'),
(524, 9, '2024-12-03', 44, 2, 2, '2024-12-03 05:57:33', '2024-12-03 05:57:33'),
(525, 9, '2024-12-03', 45, 2, 2, '2024-12-03 05:57:33', '2024-12-03 05:57:33'),
(526, 9, '2024-12-03', 46, 2, 2, '2024-12-03 05:57:33', '2024-12-03 05:57:33'),
(527, 9, '2024-12-03', 47, 2, 2, '2024-12-03 05:57:33', '2024-12-03 05:57:33'),
(528, 9, '2024-12-03', 48, 2, 2, '2024-12-03 05:57:33', '2024-12-03 05:57:33'),
(529, 9, '2024-12-03', 49, 2, 2, '2024-12-03 05:57:33', '2024-12-03 05:57:33'),
(530, 9, '2024-12-03', 50, 2, 2, '2024-12-03 05:57:33', '2024-12-03 05:57:33'),
(531, 9, '2024-12-03', 51, 2, 2, '2024-12-03 05:57:33', '2024-12-03 05:57:33'),
(532, 9, '2024-12-03', 52, 2, 2, '2024-12-03 05:57:33', '2024-12-03 05:57:33'),
(533, 9, '2024-12-03', 53, 2, 2, '2024-12-03 05:57:33', '2024-12-03 05:57:33'),
(534, 9, '2024-12-03', 54, 2, 2, '2024-12-03 05:57:33', '2024-12-03 05:57:33'),
(535, 9, '2024-12-03', 55, 2, 2, '2024-12-03 05:57:33', '2024-12-03 05:57:33'),
(536, 9, '2024-12-03', 56, 2, 2, '2024-12-03 05:57:33', '2024-12-03 05:57:33'),
(537, 9, '2024-12-03', 57, 2, 2, '2024-12-03 05:57:33', '2024-12-03 05:57:33'),
(538, 9, '2024-12-03', 58, 2, 2, '2024-12-03 05:57:33', '2024-12-03 05:57:33'),
(539, 9, '2024-12-03', 59, 2, 2, '2024-12-03 05:57:33', '2024-12-03 05:57:33'),
(540, 9, '2024-12-03', 60, 2, 2, '2024-12-03 05:57:33', '2024-12-03 05:57:33'),
(541, 9, '2024-12-03', 61, 2, 2, '2024-12-03 05:57:33', '2024-12-03 05:57:33'),
(542, 9, '2024-12-03', 62, 2, 2, '2024-12-03 05:57:33', '2024-12-03 05:57:33'),
(543, 9, '2024-12-03', 63, 2, 2, '2024-12-03 05:57:33', '2024-12-03 05:57:33'),
(544, 9, '2024-12-03', 64, 2, 2, '2024-12-03 05:57:33', '2024-12-03 05:57:33'),
(545, 9, '2024-12-03', 65, 2, 2, '2024-12-03 05:57:33', '2024-12-03 05:57:33'),
(546, 9, '2024-12-03', 66, 2, 2, '2024-12-03 05:57:33', '2024-12-03 05:57:33'),
(547, 9, '2024-12-03', 67, 2, 2, '2024-12-03 05:57:33', '2024-12-03 05:57:33'),
(548, 9, '2024-12-03', 68, 2, 2, '2024-12-03 05:57:33', '2024-12-03 05:57:33'),
(549, 9, '2024-12-03', 69, 2, 2, '2024-12-03 05:57:33', '2024-12-03 05:57:33'),
(550, 9, '2024-12-03', 70, 2, 2, '2024-12-03 05:57:33', '2024-12-03 05:57:33'),
(551, 9, '2024-12-03', 71, 2, 2, '2024-12-03 05:57:33', '2024-12-03 05:57:33'),
(552, 9, '2024-12-03', 72, 2, 2, '2024-12-03 05:57:33', '2024-12-03 05:57:33'),
(553, 9, '2024-12-03', 73, 2, 2, '2024-12-03 05:57:33', '2024-12-03 05:57:33'),
(554, 9, '2024-12-03', 74, 2, 2, '2024-12-03 05:57:33', '2024-12-03 05:57:33'),
(555, 9, '2024-12-03', 75, 2, 2, '2024-12-03 05:57:33', '2024-12-03 05:57:33'),
(556, 9, '2024-12-03', 76, 2, 2, '2024-12-03 05:57:33', '2024-12-03 05:57:33'),
(557, 9, '2024-12-03', 77, 2, 2, '2024-12-03 05:57:33', '2024-12-03 05:57:33'),
(558, 9, '2024-12-03', 78, 2, 2, '2024-12-03 05:57:33', '2024-12-03 05:57:33'),
(559, 9, '2024-12-03', 79, 2, 2, '2024-12-03 05:57:33', '2024-12-03 05:57:33'),
(560, 9, '2024-12-03', 80, 2, 2, '2024-12-03 05:57:33', '2024-12-03 05:57:33'),
(561, 9, '2024-12-03', 81, 2, 2, '2024-12-03 05:57:33', '2024-12-03 05:57:33'),
(562, 9, '2024-12-03', 82, 2, 2, '2024-12-03 05:57:33', '2024-12-03 05:57:33'),
(563, 9, '2024-12-03', 83, 2, 2, '2024-12-03 05:57:33', '2024-12-03 05:57:33'),
(564, 9, '2024-12-03', 84, 2, 2, '2024-12-03 05:57:33', '2024-12-03 05:57:33'),
(565, 9, '2024-12-03', 85, 2, 2, '2024-12-03 05:57:33', '2024-12-03 05:57:33'),
(566, 9, '2024-12-03', 86, 2, 2, '2024-12-03 05:57:33', '2024-12-03 05:57:33'),
(567, 9, '2024-12-03', 87, 2, 2, '2024-12-03 05:57:33', '2024-12-03 05:57:33'),
(568, 9, '2024-12-03', 88, 2, 2, '2024-12-03 05:57:33', '2024-12-03 05:57:33'),
(569, 9, '2024-12-03', 89, 2, 2, '2024-12-03 05:57:33', '2024-12-03 05:57:33'),
(570, 9, '2024-12-03', 90, 2, 2, '2024-12-03 05:57:33', '2024-12-03 05:57:33'),
(571, 9, '2024-12-03', 91, 2, 2, '2024-12-03 05:57:33', '2024-12-03 05:57:33'),
(572, 9, '2024-12-03', 92, 2, 2, '2024-12-03 05:57:33', '2024-12-03 05:57:33'),
(573, 9, '2024-12-03', 93, 2, 2, '2024-12-03 05:57:33', '2024-12-03 05:57:33'),
(574, 9, '2024-12-03', 94, 2, 2, '2024-12-03 05:57:33', '2024-12-03 05:57:33'),
(575, 9, '2024-12-03', 95, 2, 2, '2024-12-03 05:57:33', '2024-12-03 05:57:33'),
(576, 9, '2024-12-03', 96, 2, 2, '2024-12-03 05:57:33', '2024-12-03 05:57:33'),
(577, 10, '2024-12-03', 1, 2, 2, '2024-12-03 06:02:46', '2024-12-03 06:02:46'),
(578, 10, '2024-12-03', 2, 2, 2, '2024-12-03 06:02:46', '2024-12-03 06:02:46'),
(579, 10, '2024-12-03', 3, 2, 2, '2024-12-03 06:02:46', '2024-12-03 06:02:46'),
(580, 10, '2024-12-03', 4, 2, 2, '2024-12-03 06:02:46', '2024-12-03 06:02:46'),
(581, 10, '2024-12-03', 5, 2, 2, '2024-12-03 06:02:46', '2024-12-03 06:02:46'),
(582, 10, '2024-12-03', 6, 2, 2, '2024-12-03 06:02:46', '2024-12-03 06:02:46'),
(583, 10, '2024-12-03', 7, 2, 2, '2024-12-03 06:02:46', '2024-12-03 06:02:46'),
(584, 10, '2024-12-03', 8, 2, 2, '2024-12-03 06:02:46', '2024-12-03 06:02:46'),
(585, 10, '2024-12-03', 9, 2, 2, '2024-12-03 06:02:46', '2024-12-03 06:02:46'),
(586, 10, '2024-12-03', 10, 2, 2, '2024-12-03 06:02:46', '2024-12-03 06:02:46'),
(587, 10, '2024-12-03', 11, 22, 2, '2024-12-03 06:02:46', '2024-12-03 06:02:46'),
(588, 10, '2024-12-03', 12, 2, 2, '2024-12-03 06:02:46', '2024-12-03 06:02:46'),
(589, 10, '2024-12-03', 13, 2, 2, '2024-12-03 06:02:46', '2024-12-03 06:02:46'),
(590, 10, '2024-12-03', 14, 2, 2, '2024-12-03 06:02:46', '2024-12-03 06:02:46'),
(591, 10, '2024-12-03', 15, 2, 2, '2024-12-03 06:02:46', '2024-12-03 06:02:46'),
(592, 10, '2024-12-03', 16, 2, 2, '2024-12-03 06:02:46', '2024-12-03 06:02:46'),
(593, 10, '2024-12-03', 17, 2, 2, '2024-12-03 06:02:46', '2024-12-03 06:02:46'),
(594, 10, '2024-12-03', 18, 2, 2, '2024-12-03 06:02:46', '2024-12-03 06:02:46'),
(595, 10, '2024-12-03', 19, 2, 2, '2024-12-03 06:02:46', '2024-12-03 06:02:46'),
(596, 10, '2024-12-03', 20, 2, 2, '2024-12-03 06:02:46', '2024-12-03 06:02:46'),
(597, 10, '2024-12-03', 21, 2, 2, '2024-12-03 06:02:46', '2024-12-03 06:02:46'),
(598, 10, '2024-12-03', 22, 2, 2, '2024-12-03 06:02:46', '2024-12-03 06:02:46'),
(599, 10, '2024-12-03', 23, 2, 2, '2024-12-03 06:02:46', '2024-12-03 06:02:46'),
(600, 10, '2024-12-03', 24, 2, 2, '2024-12-03 06:02:46', '2024-12-03 06:02:46'),
(601, 10, '2024-12-03', 25, 2, 2, '2024-12-03 06:02:46', '2024-12-03 06:02:46'),
(602, 10, '2024-12-03', 26, 2, 2, '2024-12-03 06:02:46', '2024-12-03 06:02:46'),
(603, 10, '2024-12-03', 27, 2, 2, '2024-12-03 06:02:46', '2024-12-03 06:02:46'),
(604, 10, '2024-12-03', 28, 2, 2, '2024-12-03 06:02:46', '2024-12-03 06:02:46'),
(605, 10, '2024-12-03', 29, 2, 2, '2024-12-03 06:02:46', '2024-12-03 06:02:46'),
(606, 10, '2024-12-03', 30, 2, 2, '2024-12-03 06:02:46', '2024-12-03 06:02:46'),
(607, 10, '2024-12-03', 31, 2, 2, '2024-12-03 06:02:46', '2024-12-03 06:02:46'),
(608, 10, '2024-12-03', 32, 22, 2, '2024-12-03 06:02:46', '2024-12-03 06:02:46'),
(609, 10, '2024-12-03', 33, 2, 2, '2024-12-03 06:02:46', '2024-12-03 06:02:46'),
(610, 10, '2024-12-03', 34, 2, 2, '2024-12-03 06:02:46', '2024-12-03 06:02:46'),
(611, 10, '2024-12-03', 35, 2, 2, '2024-12-03 06:02:46', '2024-12-03 06:02:46'),
(612, 10, '2024-12-03', 36, 2, 2, '2024-12-03 06:02:46', '2024-12-03 06:02:46'),
(613, 10, '2024-12-03', 37, 2, 2, '2024-12-03 06:02:46', '2024-12-03 06:02:46'),
(614, 10, '2024-12-03', 38, 2, 2, '2024-12-03 06:02:46', '2024-12-03 06:02:46'),
(615, 10, '2024-12-03', 39, 2, 2, '2024-12-03 06:02:46', '2024-12-03 06:02:46'),
(616, 10, '2024-12-03', 40, 2, 2, '2024-12-03 06:02:46', '2024-12-03 06:02:46'),
(617, 10, '2024-12-03', 41, 2, 2, '2024-12-03 06:02:46', '2024-12-03 06:02:46'),
(618, 10, '2024-12-03', 42, 2, 2, '2024-12-03 06:02:46', '2024-12-03 06:02:46'),
(619, 10, '2024-12-03', 43, 2, 2, '2024-12-03 06:02:46', '2024-12-03 06:02:46'),
(620, 10, '2024-12-03', 44, 2, 2, '2024-12-03 06:02:47', '2024-12-03 06:02:47'),
(621, 10, '2024-12-03', 45, 2, 2, '2024-12-03 06:02:47', '2024-12-03 06:02:47'),
(622, 10, '2024-12-03', 46, 2, 2, '2024-12-03 06:02:47', '2024-12-03 06:02:47'),
(623, 10, '2024-12-03', 47, 2, 2, '2024-12-03 06:02:47', '2024-12-03 06:02:47'),
(624, 10, '2024-12-03', 48, 2, 2, '2024-12-03 06:02:47', '2024-12-03 06:02:47'),
(625, 10, '2024-12-03', 49, 2, 2, '2024-12-03 06:02:47', '2024-12-03 06:02:47'),
(626, 10, '2024-12-03', 50, 2, 2, '2024-12-03 06:02:47', '2024-12-03 06:02:47'),
(627, 10, '2024-12-03', 51, 2, 2, '2024-12-03 06:02:47', '2024-12-03 06:02:47'),
(628, 10, '2024-12-03', 52, 2, 2, '2024-12-03 06:02:47', '2024-12-03 06:02:47'),
(629, 10, '2024-12-03', 53, 2, 2, '2024-12-03 06:02:47', '2024-12-03 06:02:47'),
(630, 10, '2024-12-03', 54, 2, 2, '2024-12-03 06:02:47', '2024-12-03 06:02:47'),
(631, 10, '2024-12-03', 55, 2, 2, '2024-12-03 06:02:47', '2024-12-03 06:02:47'),
(632, 10, '2024-12-03', 56, 2, 2, '2024-12-03 06:02:47', '2024-12-03 06:02:47'),
(633, 10, '2024-12-03', 57, 2, 2, '2024-12-03 06:02:47', '2024-12-03 06:02:47'),
(634, 10, '2024-12-03', 58, 2, 2, '2024-12-03 06:02:47', '2024-12-03 06:02:47'),
(635, 10, '2024-12-03', 59, 2, 2, '2024-12-03 06:02:47', '2024-12-03 06:02:47'),
(636, 10, '2024-12-03', 60, 22, 2, '2024-12-03 06:02:47', '2024-12-03 06:02:47'),
(637, 10, '2024-12-03', 61, 2, 2, '2024-12-03 06:02:47', '2024-12-03 06:02:47'),
(638, 10, '2024-12-03', 62, 2, 2, '2024-12-03 06:02:47', '2024-12-03 06:02:47'),
(639, 10, '2024-12-03', 63, 2, 2, '2024-12-03 06:02:47', '2024-12-03 06:02:47'),
(640, 10, '2024-12-03', 64, 2, 2, '2024-12-03 06:02:47', '2024-12-03 06:02:47'),
(641, 10, '2024-12-03', 65, 2, 2, '2024-12-03 06:02:47', '2024-12-03 06:02:47'),
(642, 10, '2024-12-03', 66, 2, 2, '2024-12-03 06:02:47', '2024-12-03 06:02:47'),
(643, 10, '2024-12-03', 67, 2, 2, '2024-12-03 06:02:47', '2024-12-03 06:02:47'),
(644, 10, '2024-12-03', 68, 2, 2, '2024-12-03 06:02:47', '2024-12-03 06:02:47'),
(645, 10, '2024-12-03', 69, 2, 2, '2024-12-03 06:02:47', '2024-12-03 06:02:47'),
(646, 10, '2024-12-03', 70, 2, 2, '2024-12-03 06:02:47', '2024-12-03 06:02:47'),
(647, 10, '2024-12-03', 71, 2, 2, '2024-12-03 06:02:47', '2024-12-03 06:02:47'),
(648, 10, '2024-12-03', 72, 2, 2, '2024-12-03 06:02:47', '2024-12-03 06:02:47'),
(649, 10, '2024-12-03', 73, 2, 2, '2024-12-03 06:02:47', '2024-12-03 06:02:47'),
(650, 10, '2024-12-03', 74, 2, 2, '2024-12-03 06:02:47', '2024-12-03 06:02:47'),
(651, 10, '2024-12-03', 75, 2, 2, '2024-12-03 06:02:47', '2024-12-03 06:02:47'),
(652, 10, '2024-12-03', 76, 2, 2, '2024-12-03 06:02:47', '2024-12-03 06:02:47'),
(653, 10, '2024-12-03', 77, 2, 2, '2024-12-03 06:02:47', '2024-12-03 06:02:47'),
(654, 10, '2024-12-03', 78, 2, 2, '2024-12-03 06:02:47', '2024-12-03 06:02:47'),
(655, 10, '2024-12-03', 79, 2, 2, '2024-12-03 06:02:47', '2024-12-03 06:02:47'),
(656, 10, '2024-12-03', 80, 2, 2, '2024-12-03 06:02:47', '2024-12-03 06:02:47'),
(657, 10, '2024-12-03', 81, 2, 2, '2024-12-03 06:02:47', '2024-12-03 06:02:47'),
(658, 10, '2024-12-03', 82, 2, 2, '2024-12-03 06:02:47', '2024-12-03 06:02:47'),
(659, 10, '2024-12-03', 83, 2, 2, '2024-12-03 06:02:47', '2024-12-03 06:02:47'),
(660, 10, '2024-12-03', 84, 2, 2, '2024-12-03 06:02:47', '2024-12-03 06:02:47'),
(661, 10, '2024-12-03', 85, 2, 2, '2024-12-03 06:02:47', '2024-12-03 06:02:47'),
(662, 10, '2024-12-03', 86, 22, 2, '2024-12-03 06:02:47', '2024-12-03 06:02:47'),
(663, 10, '2024-12-03', 87, 2, 2, '2024-12-03 06:02:47', '2024-12-03 06:02:47'),
(664, 10, '2024-12-03', 88, 2, 2, '2024-12-03 06:02:47', '2024-12-03 06:02:47'),
(665, 10, '2024-12-03', 89, 2, 2, '2024-12-03 06:02:47', '2024-12-03 06:02:47'),
(666, 10, '2024-12-03', 90, 2, 2, '2024-12-03 06:02:47', '2024-12-03 06:02:47'),
(667, 10, '2024-12-03', 91, 2, 2, '2024-12-03 06:02:47', '2024-12-03 06:02:47'),
(668, 10, '2024-12-03', 92, 2, 2, '2024-12-03 06:02:47', '2024-12-03 06:02:47'),
(669, 10, '2024-12-03', 93, 2, 2, '2024-12-03 06:02:47', '2024-12-03 06:02:47'),
(670, 10, '2024-12-03', 94, 2, 2, '2024-12-03 06:02:47', '2024-12-03 06:02:47'),
(671, 10, '2024-12-03', 95, 2, 2, '2024-12-03 06:02:47', '2024-12-03 06:02:47'),
(672, 10, '2024-12-03', 96, 2, 2, '2024-12-03 06:02:47', '2024-12-03 06:02:47');

-- --------------------------------------------------------

--
-- Table structure for table `users`
--

CREATE TABLE `users` (
  `id` bigint(20) UNSIGNED NOT NULL,
  `name` varchar(100) NOT NULL,
  `email` varchar(191) NOT NULL,
  `role_id` enum('1','2') DEFAULT NULL COMMENT '1 admin 2 user',
  `password` varchar(100) NOT NULL,
  `token` text DEFAULT NULL,
  `active` enum('0','1') NOT NULL DEFAULT '0',
  `created_at` timestamp NULL DEFAULT NULL,
  `updated_at` timestamp NULL DEFAULT NULL
) ENGINE=InnoDB DEFAULT CHARSET=utf8mb4 COLLATE=utf8mb4_unicode_ci;

--
-- Dumping data for table `users`
--

INSERT INTO `users` (`id`, `name`, `email`, `role_id`, `password`, `token`, `active`, `created_at`, `updated_at`) VALUES
(1, 'Admin', 'admin@gmail.com', '1', '$2y$10$QHTa7lY6nnaLdMduIdmDDeHltPH2YasPJgZyzr1zb8dlG95D5j/oe', '48b665b75646f0345c0edfe86d8d2ef58d26b22e257b19216f3248e32f21d8f2', '1', '2024-12-02 13:36:11', '2024-12-02 13:36:11'),
(2, 'USer', 'user@gmail.com', '2', '$2y$10$QHTa7lY6nnaLdMduIdmDDeHltPH2YasPJgZyzr1zb8dlG95D5j/oe', '48b665b75646f0345c0edfe86d8d2ef58d26b22e257b19216f3248e32f21d8f2', '1', '2024-12-02 13:36:11', '2024-12-02 13:36:11');

--
-- Indexes for dumped tables
--

--
-- Indexes for table `power_plants`
--
ALTER TABLE `power_plants`
  ADD PRIMARY KEY (`id`);

--
-- Indexes for table `schedules`
--
ALTER TABLE `schedules`
  ADD PRIMARY KEY (`id`);

--
-- Indexes for table `users`
--
ALTER TABLE `users`
  ADD PRIMARY KEY (`id`),
  ADD UNIQUE KEY `admins_email_unique` (`email`);

--
-- AUTO_INCREMENT for dumped tables
--

--
-- AUTO_INCREMENT for table `power_plants`
--
ALTER TABLE `power_plants`
  MODIFY `id` int(11) NOT NULL AUTO_INCREMENT, AUTO_INCREMENT=11;

--
-- AUTO_INCREMENT for table `schedules`
--
ALTER TABLE `schedules`
  MODIFY `id` int(11) NOT NULL AUTO_INCREMENT, AUTO_INCREMENT=673;

--
-- AUTO_INCREMENT for table `users`
--
ALTER TABLE `users`
  MODIFY `id` bigint(20) UNSIGNED NOT NULL AUTO_INCREMENT, AUTO_INCREMENT=3;
COMMIT;

/*!40101 SET CHARACTER_SET_CLIENT=@OLD_CHARACTER_SET_CLIENT */;
/*!40101 SET CHARACTER_SET_RESULTS=@OLD_CHARACTER_SET_RESULTS */;
/*!40101 SET COLLATION_CONNECTION=@OLD_COLLATION_CONNECTION */;
